{"file_hashes":[{"block_hashes":["3fFoWaFfPrMzTWJBl1yjmIrD6vw9lkUqw6Sv02RMhVA="],"block_size":4096,"path":"_locales/be/messages.json"},{"block_hashes":["pIJmMpKpE7AqnN5GNcfJInC/PIcm/SdEddwsSQAZp8k="],"block_size":4096,"path":"_locales/cy/messages.json"},{"block_hashes":["pBZw1SQjumnHpl5+FT57mZTo3QNwxYS9oHFL1hxJxXg="],"block_size":4096,"path":"_locales/eu/messages.json"},{"block_hashes":["mJBxDfD78dtBvOQf4vYkJKO9OddV0p6Cl0TtPaDCzh0="],"block_size":4096,"path":"_locales/gl/messages.json"},{"block_hashes":["Cxbj+L2QSnZyhDRa6GoKmSfEev6J4F6isTrYAAm9+eQ="],"block_size":4096,"path":"_locales/hy/messages.json"},{"block_hashes":["lD5hmIyFm7CI9UiInwRJiFUl3WYGJqibpnsslM+/uxs="],"block_size":4096,"path":"_locales/is/messages.json"},{"block_hashes":["u7gcMvSCujIWybEYnHDO85yowhga81OP+ge0xq1S8Go="],"block_size":4096,"path":"_locales/iw/messages.json"},{"block_hashes":["MImLv1G91Y2zl/94DwYeM0MaOO9c/CiLUXfs92s5nyY="],"block_size":4096,"path":"_locales/ka/messages.json"},{"block_hashes":["VI3GyW4xoWzjVdxVxkgzsI7z+6i/MxSQMbSmhZWeOvQ="],"block_size":4096,"path":"_locales/kk/messages.json"},{"block_hashes":["phGPCg3jKeB8AfU81vtP7UPlTF9T20zRx/WytNn7EOY="],"block_size":4096,"path":"_locales/km/messages.json"},{"block_hashes":["iQgvsFIpgmvCIvXSLBWCNfAl8ObfZ/8TWhi9iZ4Tu48="],"block_size":4096,"path":"_locales/lo/messages.json"},{"block_hashes":["YT2HUfbMnT+jGfS36osr077Tf9B3SCyoJZKd18Eqaag="],"block_size":4096,"path":"_locales/mn/messages.json"},{"block_hashes":["JDvvvWtnohQz3Ml9wacoiW06Bw3CAFXrBNZE4buVX+c="],"block_size":4096,"path":"_locales/my/messages.json"},{"block_hashes":["Fg4c1ZPJAccpHqTsunNRkdeT3f1+lkagVgSYYn9h2m8="],"block_size":4096,"path":"_locales/ne/messages.json"},{"block_hashes":["u9N9Qbfeb5OUj6JDenaZ1MMKPDnnNheXAvISyzajEzw="],"block_size":4096,"path":"_locales/pa/messages.json"},{"block_hashes":["VCQevmUag0QjXMR6/SdMCAq668jDolr7ldg3O2pWcKI="],"block_size":4096,"path":"_locales/si/messages.json"},{"block_hashes":["MPRM+tBS1z2G0S+iDPwRFWOjsuRSO0P31m2TS6jazpE="],"block_size":4096,"path":"_locales/zh_HK/messages.json"},{"block_hashes":["7Hjd1MzzK1127HAaIBZ8P70UbXmlBeT7BCH8Hlz0qmM="],"block_size":4096,"path":"_locales/zu/messages.json"},{"block_hashes":["bGnOD+b6sU8ZkKMg1wT+42LBdcAOtskiSqb0EQiRjKY="],"block_size":4096,"path":"dasherSettingSchema.json"},{"block_hashes":["ufotUqT/q7Q4tWGEExuJOwRlWwHzNgZkFdT+g57+ZOc="],"block_size":4096,"path":"offscreendocument.html"},{"block_hashes":["dNyDBmKNESjaSh8ngrfffZVCAl7c7r6VN1P0L9cDjPk=","V/T+ZF6qvXZOFsGuSy3ZKwIehSHR7IrcRVMrv2kM+eo=","YDhr9JxJ4rZs0Oo3kzhMNSZwkHr3OAD5Rs0aVpPCL/k=","b7vDwi5k9rX2bi9dDBtr/iPHOUn6jooTWAFpuiN7gUI=","bqne6nn1l1tH0u5NGPMs8IvTx4oR8vFu1/8KGZXzkg8=","hMk3KQ25/p92oCZVdLqg/X0GanhES1BRf/Y0xWKuD/8=","8QZyIQ2ol1UMePx0bkuMcf94io7l9JU2OnkPtP6ZRXQ=","KtXvlZbrL7isfzYVSUEVIfu6aKD6jrSUWuHB+GagOD4=","VgQJ9co/+y6T1ZK4PbA5EvCxwQsTL7Sw8BqqN2X6LPY=","vqIhW/wLyAe1QnAvBZGTMEKupW8T6PNa449O3Y5Jgnc=","8PEgl+hVz0I68Uqua2HX3RvEcK/3Mp06n1/n4dAIknc=","owEobCbLzXp3uht6JyEn4v7NY2Z8jnwz8wx2WJ4zSD0=","zVe5wmBLf74f+gaWfBppPfgO0EcHwLo9DAUiKuI+JaE=","IQKX9IR44k5bK1uSoDUAZ29QmfWqfW/DK2v/TLuF38M=","oP1cWS29nMmdhtiGbhTwy7vEcbxb1DxDIK072QUXzsM=","/qyi6SlG1QjDmKe3QzUlbYhplb6fPmwxAbhgtySxy8o=","VSPPlIqxR1FpGG7czz5SCk5O0ybqoF/Y9DsHv9P5+XQ=","9A/URezkqyBN+WyEd9Xo4P6Y5A3ilLQij/cB4bfDcXQ=","7LHPKYOl50PN8vZjNMlJJ6PpIshKteGdctdoDP4BPeo=","p57C+ljJ+Y/WoctyuFvgVM1bcspWc2chhxRS5guVlzk=","6Kvj6Z1tghANTP4sD29/CSH4iiAJWp6h5MUN9sfFRAg=","SbkJxVsRsLDIw7Im7T0utXPIbHkrPY4uAurIvxn7qOU=","LTm60tnA65duwwxTq8d6avLx93DaphQMt25gF9zncvA=","64QWZkwEO6/EDF/irCfrq7wE9LHYNsNzlmO+/5hsWY4=","nFxUyzDLbHIizhaPEViVmX3iQxSmNWWaFlWWFVrfs94=","u8K/xT/rAvDQeAstzgu17voEOCMxLEzrOkRUgXgmxf8=","S7YirrCUB9MZki7xbufcMNmUPimEmib/PZsup8IZSDk=","+spMTQKmQTTdW0NGRitObl+5hUy4Lv9OFfm2/wnToI0=","N3tTQMVuCsgFAUnR+QzXIdqJlS1dNwCwam0XTb2oi7I=","UAcXhvS1EW3FseMBzgJLqXwLmsVyvvVZ0kklN+fl/Uo=","GX5xwsQpIA0hVKCpuPV3w0rrd8FeZecVA0UT0Tpt8n4=","uu2UNtDlRAeE1Vz23yH2DI4pGCOSoX/L294v9K7jdAI=","SMTB8V/NxZxFMRbe/J6UaJvhkBx3bRM0wj42wfzccPo=","IefRtgSl3gNr+LZVVqDbGN2lJZ5dfEWiBjEe0yV5syY="],"block_size":4096,"path":"offscreendocument_main.js"},{"block_hashes":["9kdBbQqQxssHpoQtp6WvFa7iZZpzTXV467a5naZKfx4="],"block_size":4096,"path":"page_embed_script.js"},{"block_hashes":["mP2QrRqldMBg0c8xOOurDd8BxGokjfxDo5uKM9WmTJE=","6JmYkdiAjeXij9fXqi8VWeZXnP9X71jpSq45aEzOhG0=","hjlaoBGvwoeGFGMul+Ye2Q7qQMWrJFmJRltebjywJHI=","rtfbAQT8mT/r4I/VIcqtx27jURLNiHcxXhVY99RT4oI=","0oqRMEXuVH8Dkn9sa0w2EAfsWP6BSFgHSCkUexPj61k=","krS0R+PNPeIeFvO9EKkF9XWqRM6iSWwMSrgCb3JJ/r4=","4Qnp0psfa5g2pmmvjjfDJ9tRgyd6k4H+QwaHq2SBo2o=","hfAaFOt7xCZ+C7muQoWMM8eLV+oWV73j6VvOEW73Scg=","TaCx+dkU+NOh6SslWyVg5Nj1wKk28xDhWYqYpFLT7ls=","21XLlrk29M/ok24smSywJQCD+mlkfwwzpIEPy6urB0k=","wPRMGQGzqAa4MfpQScNLO8TP3kKdZj20FgeoBRH+S04=","p1PgGZ+D3A2KBEuBooM+XFzoWNfF9ruEbh1k5vt+EzY=","Q0QMSUlyQWSO9G8g61vDgPisSZRTKkmJMY+84PFIkO8=","O0EcATYsyoG8DbiCaORe5JemgLTt9VtkmeHMJFfCBOY=","Ssul/YCTgQqNQeLXUn5mUxDC2YJoXaS6znfNcg5Uwog=","ewBEEORsa4L+qhHCfWJQ1dqyIupjd3C3QxuhUYO/tOs=","xu2fDrDIddUHiLcB221j/G0KuYhzLNx2t8wXpTg1h/E=","7HlyABuOb6pm7Qt1g+HuRDcm8Gj/6a+zLG+gigbLIxE=","zmDZmcgaVb0+08nvXmPZZAfbpo4y61gPmsCBb5X4oLY=","jGhr3AbloybfN28BL7DeY3PTWUL2KVWbixJo6Cvr/dA=","RoR0+22m74DqdBl2MdT9VQarm/GJsr3SNVDxyfl3FNI=","ucukoD1tkZ+Fg1ufpzE6zZ+CMmNbNN+Jv+FviCevATM=","jctkshYOUUiTpdimz17/C0ot4cacvzTFv8Sl2lsfgSU=","4ZMyHcbPPEOMLDHl9g8jC5dcUv2sBdadRfKlWIaEir8=","bcCNeqGPeY8w9C0AJfcmvD+O+xyFtrHEIwlZANEqT4c=","6xiYNkkuqpTzh1eV0hsfvPrNSAmwUzVymwCnRo1SDOM=","wAlT29gto9iOmhCN4UcJv8pycpeZ0XWtmcwWm+ngt2w=","5yY+c91NBklhuPLTsBMGVLXZrTP+pAG/ClKCS2KsG1I=","vnxy8wVwekX7iBvzWF59Otz04y5RlC5VC9Io4ityG4A=","yMkpcEjAdt5xILdg3M1jbOPJwGTydiJoR4wQLRkilEk=","7dhiMAP+knvRU2UEhvhECu2hIVA/MoE1cKGPoXIjnlw=","cwabttZubPw1jgI+DEFVVEAf3xZ67N6+IJ6+YZYeiW8=","mZaeo7xrewNjjs2sqgVN+v32Xz4DIJI8Pb+8tiDByjQ=","qmtdjP8CkqQZEMICt5gIZ93FLaRXPTXiimZfIkLpjcA=","15TvxMvodrxPbmLN0HSJIzBekXeMSmDXQ8JJUgNRKJA=","MFZXRiXhw7A6+4+gy3Tz5FQUFU0x1gaHn55ehvmJyEA="],"block_size":4096,"path":"service_worker_bin_prod.js"}],"version":2}